{"shap": {"comprehensiveness": {"sum": 65.136903536506, "min": -0.18296551704406738, "max": 0.9920997023582458, "median": 0.7090032994747162, "mean": 0.65136903536506}, "sufficiency": {"sum": 38.41068100742996, "min": -0.4456903040409088, "max": 0.97124183177948, "median": 0.40014009177684784, "mean": 0.3841068100742996}, "loo": {"sum": 13.914539610024455, "min": -0.287824837800531, "max": 0.45109350926071295, "median": 0.1557306414566341, "mean": 0.13914539610024454}, "auprc_plausibility": {"sum": 46.48067067986198, "min": 0.03917624521072797, "max": 1.0, "median": 0.4673135121051788, "mean": 0.46480670679861946}, "tokenf1_plausibility": {"sum": 36.198068612646146, "min": 0.0, "max": 0.8000000000000002, "median": 0.3484848484848485, "mean": 0.3619806861264616}, "tokeniou_plausibility": {"sum": 23.907006049755463, "min": 0.0, "max": 0.6666666666666666, "median": 0.2111111111111111, "mean": 0.23907006049755475}}, "lime": {"comprehensiveness": {"sum": 71.97001523175277, "min": -0.044983185827732086, "max": 0.9915003180503845, "median": 0.805668830871582, "mean": 0.7197001523175277}, "sufficiency": {"sum": 24.855426422902383, "min": -0.5239549875259399, "max": 0.7859270572662354, "median": 0.24920149147510529, "mean": 0.24855426422902382}, "loo": {"sum": 36.3059087253619, "min": -0.008676810001882657, "max": 0.6596329029805245, "median": 0.37960809064513445, "mean": 0.36305908725361924}, "auprc_plausibility": {"sum": 51.769883033905764, "min": 0.035829575732732113, "max": 1.0, "median": 0.5245481601731601, "mean": 0.5176988303390574}, "tokenf1_plausibility": {"sum": 41.873410174942165, "min": 0.0, "max": 0.888888888888889, "median": 0.42857142857142855, "mean": 0.4187341017494218}, "tokeniou_plausibility": {"sum": 28.428672010250956, "min": 0.0, "max": 0.8, "median": 0.2727272727272727, "mean": 0.28428672010250955}}, "integrated_gradient": {"comprehensiveness": {"sum": 44.04552661348134, "min": -0.4543417692184448, "max": 0.987548291683197, "median": 0.4491006135940552, "mean": 0.44045526613481345}, "sufficiency": {"sum": 62.75422042608261, "min": -0.35467714071273804, "max": 0.9725594520568848, "median": 0.7071984708309174, "mean": 0.6275422042608261}, "loo": {"sum": 1.6267646573754362, "min": -0.3276353276353277, "max": 0.4926707401544507, "median": 0.01974699607113385, "mean": 0.016267646573754364}, "auprc_plausibility": {"sum": 37.08587696711672, "min": 0.037037037037037035, "max": 0.8880208333333333, "median": 0.3604840660547183, "mean": 0.37085876967116704}, "tokenf1_plausibility": {"sum": 27.53120091361526, "min": 0.0, "max": 0.7692307692307693, "median": 0.28571428571428575, "mean": 0.2753120091361527}, "tokeniou_plausibility": {"sum": 17.112528797924327, "min": 0.0, "max": 0.625, "median": 0.16666666666666666, "mean": 0.17112528797924334}}, "integrated_gradient_multiply_by_inputs": {"comprehensiveness": {"sum": 62.583605761872604, "min": -0.3614114820957184, "max": 0.9851431846618652, "median": 0.7150745689868927, "mean": 0.6258360576187261}, "sufficiency": {"sum": 33.766149781644344, "min": -0.39194491505622864, "max": 0.9042864441871643, "median": 0.3237408846616745, "mean": 0.33766149781644345}, "loo": {"sum": 24.307975723288088, "min": -0.32190085665449597, "max": 0.6803548316418605, "median": 0.26546243563969474, "mean": 0.243079757232881}, "auprc_plausibility": {"sum": 49.71327013600783, "min": 0.039473684210526314, "max": 1.0, "median": 0.47309446505875075, "mean": 0.4971327013600781}, "tokenf1_plausibility": {"sum": 39.38107025153014, "min": 0.0, "max": 0.8000000000000002, "median": 0.4248120300751879, "mean": 0.39381070251530154}, "tokeniou_plausibility": {"sum": 26.605867817579135, "min": 0.0, "max": 0.6666666666666666, "median": 0.26969696969696966, "mean": 0.26605867817579143}}}