{"shap": {"comprehensiveness": {"sum": 59.56919630849734, "min": -0.587563157081604, "max": 0.987773060798645, "median": 0.6930132210254669, "mean": 0.5956919630849734}, "sufficiency": {"sum": 36.16311748325825, "min": -0.7317618131637573, "max": 0.9572149515151978, "median": 0.3812825381755829, "mean": 0.36163117483258245}, "loo": {"sum": 14.866281861194079, "min": -0.21621693248888366, "max": 0.6178229934782847, "median": 0.15424770238030633, "mean": 0.14866281861194083}, "auprc_plausibility": {"sum": 47.295827193211736, "min": 0.03314814814814815, "max": 0.9808673469387755, "median": 0.4793058275901413, "mean": 0.47295827193211737}, "tokenf1_plausibility": {"sum": 34.70732407332824, "min": 0.0, "max": 0.8333333333333333, "median": 0.3333333333333333, "mean": 0.34707324073328244}, "tokeniou_plausibility": {"sum": 23.265548832651977, "min": 0.0, "max": 0.7142857142857143, "median": 0.2, "mean": 0.23265548832651972}}, "lime": {"comprehensiveness": {"sum": 74.17481967271306, "min": -0.36242881417274475, "max": 0.9905371069908142, "median": 0.8523842692375183, "mean": 0.7417481967271305}, "sufficiency": {"sum": 23.10707611590624, "min": -0.7225319743156433, "max": 0.821475625038147, "median": 0.25590501725673676, "mean": 0.2310707611590624}, "loo": {"sum": 41.679020860257715, "min": 0.09523809523809525, "max": 0.6566493213187167, "median": 0.4294813071838509, "mean": 0.416790208602577}, "auprc_plausibility": {"sum": 56.946108923582926, "min": 0.041041275797373364, "max": 1.0, "median": 0.5787045796726247, "mean": 0.5694610892358293}, "tokenf1_plausibility": {"sum": 43.012250324694115, "min": 0.0, "max": 0.888888888888889, "median": 0.4444444444444445, "mean": 0.43012250324694123}, "tokeniou_plausibility": {"sum": 29.44318773773365, "min": 0.0, "max": 0.8, "median": 0.2857142857142857, "mean": 0.2944318773773367}}, "integrated_gradient": {"comprehensiveness": {"sum": 42.66166028846055, "min": -0.4722118377685547, "max": 0.990667462348938, "median": 0.4402492344379425, "mean": 0.4266166028846055}, "sufficiency": {"sum": 64.88720345124602, "min": -0.5227968096733093, "max": 0.9725594520568848, "median": 0.8096930086612701, "mean": 0.6488720345124602}, "loo": {"sum": -5.344955898310266, "min": -0.4327892114505486, "max": 0.3484496797414458, "median": -0.07589757933708817, "mean": -0.05344955898310265}, "auprc_plausibility": {"sum": 40.77824695482035, "min": 0.038461538461538464, "max": 0.8792398078112363, "median": 0.39806786350904, "mean": 0.40778246954820346}, "tokenf1_plausibility": {"sum": 28.012484380856968, "min": 0.0, "max": 0.7142857142857143, "median": 0.2857142857142857, "mean": 0.2801248438085697}, "tokeniou_plausibility": {"sum": 17.373252113257706, "min": 0.0, "max": 0.5555555555555556, "median": 0.16666666666666666, "mean": 0.17373252113257712}}, "integrated_gradient_multiply_by_inputs": {"comprehensiveness": {"sum": 61.326718621421605, "min": -0.21088813245296478, "max": 0.9824405908584595, "median": 0.6841062605381012, "mean": 0.613267186214216}, "sufficiency": {"sum": 32.97094106115401, "min": -0.3473626673221588, "max": 0.9042864441871643, "median": 0.31820209324359894, "mean": 0.3297094106115401}, "loo": {"sum": 24.960728622821655, "min": -0.32190085665449597, "max": 0.7354991780818254, "median": 0.2834028514534628, "mean": 0.24960728622821657}, "auprc_plausibility": {"sum": 51.06660131241359, "min": 0.06776403743315508, "max": 1.0, "median": 0.5237568239212975, "mean": 0.5106660131241358}, "tokenf1_plausibility": {"sum": 37.952719412298784, "min": 0.0, "max": 0.8333333333333333, "median": 0.36931818181818177, "mean": 0.37952719412298763}, "tokeniou_plausibility": {"sum": 25.36155696660185, "min": 0.0, "max": 0.7142857142857143, "median": 0.2264957264957265, "mean": 0.2536155696660185}}}