{"shap": {"comprehensiveness": {"sum": 48.2201998620294, "min": -0.46989595890045166, "max": 0.9844545722007751, "median": 0.5439560413360596, "mean": 0.48220199862029406}, "sufficiency": {"sum": 38.9421728271991, "min": -0.7317618131637573, "max": 0.9409445524215698, "median": 0.41252508759498596, "mean": 0.389421728271991}, "loo": {"sum": 9.6585022972894, "min": -0.3529536388627275, "max": 0.5265976070851427, "median": 0.07918201222231125, "mean": 0.09658502297289405}, "auprc_plausibility": {"sum": 41.19170194173822, "min": 0.018518518518518517, "max": 0.9037698412698413, "median": 0.4153780701071863, "mean": 0.41191701941738224}, "tokenf1_plausibility": {"sum": 31.352232305093366, "min": 0.0, "max": 0.8000000000000002, "median": 0.32456140350877194, "mean": 0.3135223230509339}, "tokeniou_plausibility": {"sum": 20.161083313830993, "min": 0.0, "max": 0.6666666666666666, "median": 0.19375, "mean": 0.2016108331383099}}, "lime": {"comprehensiveness": {"sum": 65.48912109388039, "min": -0.3984464704990387, "max": 0.9873430132865906, "median": 0.8022320568561554, "mean": 0.6548912109388039}, "sufficiency": {"sum": 19.755107315955684, "min": -0.742061197757721, "max": 0.7262560725212097, "median": 0.24775151163339615, "mean": 0.19755107315955683}, "loo": {"sum": 36.83739820973364, "min": -0.08592089250245254, "max": 0.7071931137405822, "median": 0.387357958334144, "mean": 0.36837398209733635}, "auprc_plausibility": {"sum": 55.23787261296635, "min": 0.041666666666666664, "max": 1.0, "median": 0.5399360670194003, "mean": 0.5523787261296635}, "tokenf1_plausibility": {"sum": 44.01048914800966, "min": 0.0, "max": 0.9090909090909091, "median": 0.452991452991453, "mean": 0.44010489148009674}, "tokeniou_plausibility": {"sum": 30.179128443795623, "min": 0.0, "max": 0.8333333333333334, "median": 0.2928571428571428, "mean": 0.3017912844379563}}, "integrated_gradient": {"comprehensiveness": {"sum": 30.492516641737893, "min": -0.725425660610199, "max": 0.9840885400772095, "median": 0.2792722284793854, "mean": 0.30492516641737893}, "sufficiency": {"sum": 54.40305977873504, "min": -0.6858304142951965, "max": 0.9524602890014648, "median": 0.647692859172821, "mean": 0.5440305977873504}, "loo": {"sum": -0.4771391274970216, "min": -0.3405947271739262, "max": 0.3468658301698706, "median": -0.0016694514082354443, "mean": -0.00477139127497022}, "auprc_plausibility": {"sum": 39.74916803548745, "min": 0.0342662871600253, "max": 1.0, "median": 0.39906801531801533, "mean": 0.39749168035487453}, "tokenf1_plausibility": {"sum": 29.439378402441374, "min": 0.0, "max": 0.6666666666666666, "median": 0.2857142857142857, "mean": 0.294393784024414}, "tokeniou_plausibility": {"sum": 18.404498055936667, "min": 0.0, "max": 0.5, "median": 0.16666666666666666, "mean": 0.18404498055936674}}, "integrated_gradient_multiply_by_inputs": {"comprehensiveness": {"sum": 54.719462506473064, "min": -0.617089033126831, "max": 0.9890279173851013, "median": 0.6548717021942139, "mean": 0.5471946250647306}, "sufficiency": {"sum": 30.185744432732463, "min": -0.6374313831329346, "max": 0.9569879770278931, "median": 0.3548784852027893, "mean": 0.30185744432732464}, "loo": {"sum": 23.61437853746279, "min": -0.18488047749952397, "max": 0.6610936529170212, "median": 0.23035985467386977, "mean": 0.2361437853746279}, "auprc_plausibility": {"sum": 48.099140620557115, "min": 0.018518518518518517, "max": 0.9287042242507828, "median": 0.4602907509157509, "mean": 0.480991406205571}, "tokenf1_plausibility": {"sum": 37.79270404137073, "min": 0.0, "max": 0.9090909090909091, "median": 0.37499999999999994, "mean": 0.3779270404137075}, "tokeniou_plausibility": {"sum": 25.238656686264026, "min": 0.0, "max": 0.8333333333333334, "median": 0.23076923076923078, "mean": 0.2523865668626404}}}