{"shap": {"comprehensiveness": {"sum": 59.55108360387385, "min": -0.587563157081604, "max": 0.987773060798645, "median": 0.6977607607841492, "mean": 0.5955108360387384}, "sufficiency": {"sum": 39.67859985399991, "min": -0.7317618131637573, "max": 0.9572149515151978, "median": 0.4185752868652344, "mean": 0.39678599853999913}, "loo": {"sum": 12.524717730351627, "min": -0.39620870879306297, "max": 0.6178229934782847, "median": 0.10575510600922025, "mean": 0.12524717730351625}, "auprc_plausibility": {"sum": 48.436931040018685, "min": 0.03917624521072797, "max": 0.9808673469387755, "median": 0.4881428990338212, "mean": 0.48436931040018694}, "tokenf1_plausibility": {"sum": 35.81593584613438, "min": 0.0, "max": 0.8333333333333333, "median": 0.3636363636363636, "mean": 0.35815935846134395}, "tokeniou_plausibility": {"sum": 23.925517234133533, "min": 0.0, "max": 0.7142857142857143, "median": 0.2222222222222222, "mean": 0.23925517234133534}}, "lime": {"comprehensiveness": {"sum": 75.03787417383865, "min": -0.11691886186599731, "max": 0.9914894700050354, "median": 0.833108514547348, "mean": 0.7503787417383865}, "sufficiency": {"sum": 22.67757030809298, "min": -0.749214231967926, "max": 0.7785786390304565, "median": 0.26023589074611664, "mean": 0.2267757030809298}, "loo": {"sum": 38.184393432679165, "min": -0.1670649149445288, "max": 0.7096921893772, "median": 0.39495308284638986, "mean": 0.3818439343267914}, "auprc_plausibility": {"sum": 55.20043615516891, "min": 0.026333789329685366, "max": 1.0, "median": 0.5680917196909843, "mean": 0.5520043615516892}, "tokenf1_plausibility": {"sum": 42.42654816467239, "min": 0.0, "max": 0.888888888888889, "median": 0.418859649122807, "mean": 0.42426548164672406}, "tokeniou_plausibility": {"sum": 28.744827740908956, "min": 0.0, "max": 0.8, "median": 0.2649122807017544, "mean": 0.2874482774090898}}, "integrated_gradient": {"comprehensiveness": {"sum": 39.94226993038319, "min": -0.2536318004131317, "max": 0.990667462348938, "median": 0.4072652757167816, "mean": 0.3994226993038319}, "sufficiency": {"sum": 63.33167436206713, "min": -0.5227968096733093, "max": 0.9725594520568848, "median": 0.7873497307300568, "mean": 0.6333167436206714}, "loo": {"sum": -4.594364300490899, "min": -0.3276353276353277, "max": 0.386635946014481, "median": -0.06300895174865317, "mean": -0.04594364300490901}, "auprc_plausibility": {"sum": 39.80449509689436, "min": 0.047619047619047616, "max": 0.8415674603174603, "median": 0.3888822574484339, "mean": 0.3980449509689434}, "tokenf1_plausibility": {"sum": 26.926664533922562, "min": 0.0, "max": 0.7142857142857143, "median": 0.2857142857142857, "mean": 0.2692666453392258}, "tokeniou_plausibility": {"sum": 16.529604268868084, "min": 0.0, "max": 0.5555555555555556, "median": 0.16666666666666666, "mean": 0.16529604268868092}}, "integrated_gradient_multiply_by_inputs": {"comprehensiveness": {"sum": 62.26868014456704, "min": -0.21088813245296478, "max": 0.9824405908584595, "median": 0.6946807205677032, "mean": 0.6226868014456705}, "sufficiency": {"sum": 31.675083585549146, "min": -0.3473626673221588, "max": 0.9018985033035278, "median": 0.32034699618816376, "mean": 0.31675083585549146}, "loo": {"sum": 26.208428077454133, "min": -0.32190085665449597, "max": 0.7354991780818254, "median": 0.27450699529719624, "mean": 0.2620842807745413}, "auprc_plausibility": {"sum": 51.327879501772564, "min": 0.023255813953488372, "max": 1.0, "median": 0.5249296167607571, "mean": 0.5132787950177257}, "tokenf1_plausibility": {"sum": 38.69006711517344, "min": 0.0, "max": 0.8333333333333333, "median": 0.3639705882352941, "mean": 0.38690067115173454}, "tokeniou_plausibility": {"sum": 25.78425334244299, "min": 0.0, "max": 0.7142857142857143, "median": 0.22252747252747251, "mean": 0.25784253342443}}}