{"shap": {"comprehensiveness": {"sum": 61.06557335052639, "min": -0.18296551704406738, "max": 0.9920997023582458, "median": 0.6689133048057556, "mean": 0.6106557335052639}, "sufficiency": {"sum": 41.0891496706754, "min": -0.4732559621334076, "max": 0.9430320858955383, "median": 0.40056590735912323, "mean": 0.41089149670675396}, "loo": {"sum": 11.66384645220987, "min": -0.287824837800531, "max": 0.45109350926071295, "median": 0.14522624442590226, "mean": 0.11663846452209871}, "auprc_plausibility": {"sum": 47.28440374888053, "min": 0.04928571428571429, "max": 1.0, "median": 0.4673135121051788, "mean": 0.47284403748880516}, "tokenf1_plausibility": {"sum": 35.60820756434521, "min": 0.0, "max": 0.8000000000000002, "median": 0.3333333333333333, "mean": 0.3560820756434522}, "tokeniou_plausibility": {"sum": 23.586727905986617, "min": 0.0, "max": 0.6666666666666666, "median": 0.2, "mean": 0.23586727905986618}}, "lime": {"comprehensiveness": {"sum": 72.0822494905442, "min": -0.03271136060357094, "max": 0.9900066256523132, "median": 0.8273098468780518, "mean": 0.720822494905442}, "sufficiency": {"sum": 23.890291899442673, "min": -0.6109241247177124, "max": 0.7884567379951477, "median": 0.2887049466371536, "mean": 0.23890291899442673}, "loo": {"sum": 34.57216703455291, "min": -0.15069976437956484, "max": 0.691152883009474, "median": 0.33886662089009834, "mean": 0.3457216703455292}, "auprc_plausibility": {"sum": 55.13962377480041, "min": 0.045454545454545456, "max": 1.0, "median": 0.5765625612132965, "mean": 0.551396237748004}, "tokenf1_plausibility": {"sum": 42.42928020298816, "min": 0.0, "max": 0.888888888888889, "median": 0.4444444444444445, "mean": 0.4242928020298819}, "tokeniou_plausibility": {"sum": 29.0434115173529, "min": 0.0, "max": 0.8, "median": 0.2857142857142857, "mean": 0.2904341151735289}}, "integrated_gradient": {"comprehensiveness": {"sum": 42.25991779472679, "min": -0.6495198607444763, "max": 0.987548291683197, "median": 0.45935022830963135, "mean": 0.42259917794726787}, "sufficiency": {"sum": 62.08933026716113, "min": -0.35467714071273804, "max": 0.9725594520568848, "median": 0.7071984708309174, "mean": 0.6208933026716114}, "loo": {"sum": 1.0687703355883098, "min": -0.3084006644945691, "max": 0.5119317901110768, "median": 0.010566717743825334, "mean": 0.010687703355883095}, "auprc_plausibility": {"sum": 39.288253865988, "min": 0.029411764705882353, "max": 1.0, "median": 0.3840965052845857, "mean": 0.39288253865988004}, "tokenf1_plausibility": {"sum": 29.077168075183437, "min": 0.0, "max": 0.7692307692307693, "median": 0.28571428571428575, "mean": 0.2907716807518346}, "tokeniou_plausibility": {"sum": 18.206104417351334, "min": 0.0, "max": 0.625, "median": 0.16666666666666666, "mean": 0.1820610441735135}}, "integrated_gradient_multiply_by_inputs": {"comprehensiveness": {"sum": 61.27907508471981, "min": -0.49734625220298767, "max": 0.9890279173851013, "median": 0.7024607956409454, "mean": 0.612790750847198}, "sufficiency": {"sum": 34.84202363528311, "min": -0.39194491505622864, "max": 0.9569879770278931, "median": 0.37372298538684845, "mean": 0.34842023635283115}, "loo": {"sum": 21.29377227576153, "min": -0.32190085665449597, "max": 0.6610936529170212, "median": 0.22472696883848634, "mean": 0.21293772275761544}, "auprc_plausibility": {"sum": 50.76034613562385, "min": 0.039473684210526314, "max": 1.0, "median": 0.517078583511293, "mean": 0.5076034613562388}, "tokenf1_plausibility": {"sum": 39.82892359880803, "min": 0.0, "max": 0.8000000000000002, "median": 0.4248120300751879, "mean": 0.3982892359880805}, "tokeniou_plausibility": {"sum": 26.87282936480384, "min": 0.0, "max": 0.6666666666666666, "median": 0.26969696969696966, "mean": 0.2687282936480385}}}