{"shap": {"comprehensiveness": {"sum": 53.71893474413082, "min": -0.587563157081604, "max": 0.9881302118301392, "median": 0.5810528695583344, "mean": 0.5371893474413082}, "sufficiency": {"sum": 51.83975120820105, "min": -0.12845773994922638, "max": 0.9534091949462891, "median": 0.5071647465229034, "mean": 0.5183975120820105}, "loo": {"sum": 3.2119710877593466, "min": -0.35107239032972, "max": 0.4590188606293697, "median": 0.022098919312433157, "mean": 0.032119710877593466}, "auprc_plausibility": {"sum": 37.93766448493973, "min": 0.039230769230769236, "max": 1.0, "median": 0.3625066926537515, "mean": 0.3793766448493975}, "tokenf1_plausibility": {"sum": 27.931261763858384, "min": 0.0, "max": 0.7499999999999999, "median": 0.28571428571428575, "mean": 0.2793126176385839}, "tokeniou_plausibility": {"sum": 17.90826538442637, "min": 0.0, "max": 0.6, "median": 0.16666666666666666, "mean": 0.17908265384426375}}, "lime": {"comprehensiveness": {"sum": 78.60899732704274, "min": -0.0016171042807400227, "max": 0.9930216670036316, "median": 0.8707825839519501, "mean": 0.7860899732704274}, "sufficiency": {"sum": 24.453909624833614, "min": -0.7291284203529358, "max": 0.7529109716415405, "median": 0.2767435163259506, "mean": 0.24453909624833614}, "loo": {"sum": 28.019532887341814, "min": -0.15099350992814012, "max": 0.6711194661106487, "median": 0.26669873569694647, "mean": 0.28019532887341825}, "auprc_plausibility": {"sum": 73.32233820247369, "min": 0.08475783475783477, "max": 1.0, "median": 0.7340345860566448, "mean": 0.7332233820247367}, "tokenf1_plausibility": {"sum": 50.12066008344994, "min": 0.0, "max": 0.888888888888889, "median": 0.5714285714285715, "mean": 0.5012066008344996}, "tokeniou_plausibility": {"sum": 34.8135344883874, "min": 0.0, "max": 0.8, "median": 0.4, "mean": 0.3481353448838743}}, "integrated_gradient": {"comprehensiveness": {"sum": 38.02899095750763, "min": -0.16753926873207092, "max": 0.9860833883285522, "median": 0.3736950159072876, "mean": 0.3802899095750763}, "sufficiency": {"sum": 64.3342561237514, "min": -0.5048417448997498, "max": 0.9706805944442749, "median": 0.7300362586975098, "mean": 0.643342561237514}, "loo": {"sum": -1.5419644655938316, "min": -0.40400724079297756, "max": 0.301640965556443, "median": -0.013001615979490731, "mean": -0.01541964465593831}, "auprc_plausibility": {"sum": 39.287805106911435, "min": 0.03571428571428571, "max": 1.0, "median": 0.4251257321110262, "mean": 0.3928780510691143}, "tokenf1_plausibility": {"sum": 25.552928795823263, "min": 0.0, "max": 0.5714285714285715, "median": 0.28571428571428575, "mean": 0.2555292879582328}, "tokeniou_plausibility": {"sum": 15.665391233021923, "min": 0.0, "max": 0.4, "median": 0.16666666666666666, "mean": 0.1566539123302193}}, "integrated_gradient_multiply_by_inputs": {"comprehensiveness": {"sum": 70.71852010115981, "min": -0.3382374048233032, "max": 0.9899020195007324, "median": 0.7650175988674164, "mean": 0.7071852010115981}, "sufficiency": {"sum": 37.87577510252595, "min": -0.7306738495826721, "max": 0.9457889199256897, "median": 0.35503262281417847, "mean": 0.3787577510252595}, "loo": {"sum": 17.03145159517133, "min": -0.21635959217761205, "max": 0.5393810111066216, "median": 0.1485901045875559, "mean": 0.1703145159517133}, "auprc_plausibility": {"sum": 60.08247448767442, "min": 0.057692307692307696, "max": 1.0, "median": 0.6083152958152958, "mean": 0.6008247448767441}, "tokenf1_plausibility": {"sum": 40.67253514905592, "min": 0.0, "max": 0.7692307692307693, "median": 0.4248120300751879, "mean": 0.4067253514905592}, "tokeniou_plausibility": {"sum": 26.81601407851407, "min": 0.0, "max": 0.625, "median": 0.26969696969696966, "mean": 0.2681601407851408}}}