{"shap": {"comprehensiveness": {"sum": 20.783381478860974, "min": -0.3051833510398865, "max": 0.9917716383934021, "median": 0.49643293023109436, "mean": 0.4723495790650221}, "sufficiency": {"sum": 18.30151927471161, "min": -0.4791007339954376, "max": 0.9697679877281189, "median": 0.45192714035511017, "mean": 0.41594361987980927}, "loo": {"sum": 3.989298716493946, "min": -0.20261437908496735, "max": 0.6526315789473685, "median": 0.05590929686007469, "mean": 0.09066587992031697}, "auprc_plausibility": {"sum": 17.754026343717875, "min": 0.08363095238095238, "max": 0.8302418877418878, "median": 0.4287416713755999, "mean": 0.4035005987208608}, "tokenf1_plausibility": {"sum": 12.293950091205998, "min": 0.0, "max": 0.8000000000000002, "median": 0.2761904761904762, "mean": 0.27940795661831813}, "tokeniou_plausibility": {"sum": 7.768433175012123, "min": 0.0, "max": 0.6666666666666666, "median": 0.16025641025641024, "mean": 0.1765552994320937}}, "lime": {"comprehensiveness": {"sum": 30.15189212374389, "min": -0.021625278517603874, "max": 0.9878314137458801, "median": 0.831017017364502, "mean": 0.6852702755396339}, "sufficiency": {"sum": 8.101030580699444, "min": -0.7006644010543823, "max": 0.7469836473464966, "median": 0.2147241085767746, "mean": 0.18411433137953281}, "loo": {"sum": 16.020689849932317, "min": -0.016694514082354443, "max": 0.6451640644879713, "median": 0.4004308024942723, "mean": 0.36410658749846164}, "auprc_plausibility": {"sum": 23.003142036958238, "min": 0.038461538461538464, "max": 0.9342032303156707, "median": 0.5565929369112599, "mean": 0.5227986826581417}, "tokenf1_plausibility": {"sum": 16.583460584627034, "min": 0.0, "max": 0.7272727272727272, "median": 0.36931818181818177, "mean": 0.3768968314687961}, "tokeniou_plausibility": {"sum": 10.737344958962604, "min": 0.0, "max": 0.5714285714285714, "median": 0.2264957264957265, "mean": 0.24403056724915012}}, "integrated_gradient": {"comprehensiveness": {"sum": 14.730094632133842, "min": -0.38778162002563477, "max": 0.956539511680603, "median": 0.3727674186229706, "mean": 0.33477487800304184}, "sufficiency": {"sum": 23.203546297270805, "min": -0.566076397895813, "max": 0.9522857069969177, "median": 0.6484976708889008, "mean": 0.5273533249379728}, "loo": {"sum": 1.7097777396598617, "min": -0.33333333333333337, "max": 0.27722826630435854, "median": 0.05099983031023447, "mean": 0.03885858499226959}, "auprc_plausibility": {"sum": 19.239402968249262, "min": 0.09615384615384616, "max": 0.8207196507196507, "median": 0.43555916305916303, "mean": 0.4372591583693013}, "tokenf1_plausibility": {"sum": 12.440293233365049, "min": 0.0, "max": 0.6153846153846154, "median": 0.29285714285714287, "mean": 0.28273393712193295}, "tokeniou_plausibility": {"sum": 7.661617663382369, "min": 0.0, "max": 0.4444444444444444, "median": 0.1715686274509804, "mean": 0.17412767416778113}}, "integrated_gradient_multiply_by_inputs": {"comprehensiveness": {"sum": 23.086180748417974, "min": -0.6771681308746338, "max": 0.9564763903617859, "median": 0.6409318745136261, "mean": 0.5246859261004085}, "sufficiency": {"sum": 12.031422113301232, "min": -0.5099137425422668, "max": 0.8463522791862488, "median": 0.25764061510562897, "mean": 0.2734414116659371}, "loo": {"sum": 8.910599709510063, "min": -0.2786685225715983, "max": 0.5379622201167248, "median": 0.2183615147202403, "mean": 0.2025136297615923}, "auprc_plausibility": {"sum": 20.5854995311761, "min": 0.06695804195804196, "max": 0.8874539289399968, "median": 0.45495541816358914, "mean": 0.4678522620721843}, "tokenf1_plausibility": {"sum": 13.887706020544968, "min": 0.0, "max": 0.6, "median": 0.3333333333333333, "mean": 0.31562968228511284}, "tokeniou_plausibility": {"sum": 8.710299348054763, "min": 0.0, "max": 0.42857142857142855, "median": 0.2, "mean": 0.1979613488194265}}}