{
  "best_metric": 0.8839346170425415,
  "best_model_checkpoint": "../../models/roberta-base-mnli-hypothesis-only/42/checkpoints/checkpoint-10000",
  "epoch": 0.8148631029986962,
  "global_step": 20000,
  "is_hyper_param_search": false,
  "is_local_process_zero": true,
  "is_world_process_zero": true,
  "log_history": [
    {
      "epoch": 0.41,
      "learning_rate": 1.7401958103155937e-05,
      "loss": 0.9235,
      "step": 10000
    },
    {
      "epoch": 0.41,
      "eval_Acc": 0.58349465104432,
      "eval_BAcc": 0.5828712841693137,
      "eval_F1": 0.5848140156429715,
      "eval_MCC": 0.3754271216983305,
      "eval_loss": 0.8839346170425415,
      "eval_runtime": 309.7501,
      "eval_samples_per_second": 31.687,
      "eval_steps_per_second": 0.991,
      "step": 10000
    },
    {
      "epoch": 0.81,
      "learning_rate": 1.4667177159109555e-05,
      "loss": 0.881,
      "step": 20000
    },
    {
      "epoch": 0.81,
      "eval_Acc": 0.581049414161997,
      "eval_BAcc": 0.5860844684386602,
      "eval_F1": 0.5783480501708036,
      "eval_MCC": 0.38186225429753534,
      "eval_loss": 0.8956533670425415,
      "eval_runtime": 307.1814,
      "eval_samples_per_second": 31.952,
      "eval_steps_per_second": 0.999,
      "step": 20000
    }
  ],
  "max_steps": 73632,
  "num_train_epochs": 3,
  "total_flos": 8.419629367296e+16,
  "trial_name": null,
  "trial_params": null
}
