{
  "best_metric": 0.8839346170425415,
  "best_model_checkpoint": "../../models/roberta-base-mnli-hypothesis-only/42/checkpoints/checkpoint-10000",
  "epoch": 0.4074315514993481,
  "global_step": 10000,
  "is_hyper_param_search": false,
  "is_local_process_zero": true,
  "is_world_process_zero": true,
  "log_history": [
    {
      "epoch": 0.41,
      "learning_rate": 1.7401958103155937e-05,
      "loss": 0.9235,
      "step": 10000
    },
    {
      "epoch": 0.41,
      "eval_Acc": 0.58349465104432,
      "eval_BAcc": 0.5828712841693137,
      "eval_F1": 0.5848140156429715,
      "eval_MCC": 0.3754271216983305,
      "eval_loss": 0.8839346170425415,
      "eval_runtime": 309.7501,
      "eval_samples_per_second": 31.687,
      "eval_steps_per_second": 0.991,
      "step": 10000
    }
  ],
  "max_steps": 73632,
  "num_train_epochs": 3,
  "total_flos": 4.209814683648e+16,
  "trial_name": null,
  "trial_params": null
}
