{
  "best_metric": 0.8941690921783447,
  "best_model_checkpoint": "../../models/roberta-base-mnli-hypothesis-only/1337/checkpoints/checkpoint-10000",
  "epoch": 0.4074315514993481,
  "global_step": 10000,
  "is_hyper_param_search": false,
  "is_local_process_zero": true,
  "is_world_process_zero": true,
  "log_history": [
    {
      "epoch": 0.41,
      "learning_rate": 1.7401958103155937e-05,
      "loss": 0.9275,
      "step": 10000
    },
    {
      "epoch": 0.41,
      "eval_Acc": 0.5852266938359654,
      "eval_BAcc": 0.5852397065344639,
      "eval_F1": 0.5825491460271356,
      "eval_MCC": 0.3784007155295838,
      "eval_loss": 0.8941690921783447,
      "eval_runtime": 308.9936,
      "eval_samples_per_second": 31.764,
      "eval_steps_per_second": 0.994,
      "step": 10000
    }
  ],
  "max_steps": 73632,
  "num_train_epochs": 3,
  "total_flos": 4.209814683648e+16,
  "trial_name": null,
  "trial_params": null
}
